Welcome, training/base-trainings.html
Training, training/base-trainings.html
Mixpanel in Action, training/mixpanel-action.html
Welcome to Mixpanel Support, training/welcome.html
Webinar, training/webinar.html
Music Finder, training/music-finder.html
Identity Management 101, training/identity-management101.html
People Overview, training/people-overview.html
People VS Engagement, training/people-vs-engagement.html
Funnels 101, training/funnels101.html
Notifications 101, training/notifications101.html
Retention, training/retention101.html
Super Properties, training/super-properties.html
Segmentation Deep Dive, training/segmentation-deep-dive.html
API Endpoints, training/api-endpoints.html
Lesser Used Reports, training/lesser-reports-deep-dive.html
People VS Engagement Deep Dive, training/people-deep-dive.html
Identity Management Deep Dive, training/identity-management-deep-dive.html
Funnels Deep Dive, training/funnels-deep-dive.html
Client, training/client-server.html
Mobile Attribution, training/mobile-attribution.html
Notifications Deep Dive, training/notifications-deep-dive.html
Debugging Techniques, training/debugging.html
A/B, training/ab-testing.html
Service Cloud, training/service-cloud.html
Terminal, training/terminal.html
Bugs, training/bugs.html
Training on Diversity, training/diversity.html
Paired Ticketing, training/paired-ticketing.html
Processes, training/processes.html
QBQ, training/no-info-training.html
Insights 101, training/no-info-training.html
Intro to Signal, training/no-info-training.html
Mixpanel Support QA w/ QA Lead, training/no-info-training.html
Intro to Zendesk, training/no-info-training.html
Processes, training/no-info-training.html
Bad News Bears, training/no-info-training.html